Workbook

Sheet Raw Player Data
A1: Player Name | B1: Team | C1: Position | D1: Age | E1: Appearances | F1: Goals | G1: Assists | H1: Shots | I1: Shots on Target | J1: Passes | K1: Pass Accuracy (%) | L1: Tackles | M1: Interceptions | N1: Yellow Cards | O1: Red Cards | P1: Minutes Played | Q1: Avg Match Rating | R1: Shot Conversion Rate % | S1: Goal Contribution | T1: Minutes per goal
A2: Liam Walker | B2: FC Northgate | C2: FW | D2: 24 | E2: 32 | F2: 22 | G2: 9 | H2: 87 | I2: 51 | J2: 1102 | K2: 81 | L2: 18 | M2: 7 | N2: 4 | O2: 0 | P2: 2790 | Q2: 8.1 | R2: =IF(H2=0,0, ROUND(F2/H2*100,1)) -> 25.3 | S2: =F2+G2 -> 31 | T2: =IF(F2=0, "N/A", ROUND(P2/F2, 0)) -> 127
A3: Carlos Mendez | B3: Riverside City | C3: FW | D3: 27 | E3: 30 | F3: 19 | G3: 12 | H3: 74 | I3: 43 | J3: 980 | K3: 79 | L3: 22 | M3: 9 | N3: 5 | O3: 1 | P3: 2650 | Q3: 7.9 | R3: =IF(H3=0,0, ROUND(F3/H3*100,1)) -> 25.7 | S3: =F3+G3 -> 31 | T3: =IF(F3=0, "N/A", ROUND(P3/F3, 0)) -> 139
A4: James Harlow | B4: FC Northgate | C4: MF | D4: 26 | E4: 34 | F4: 11 | G4: 14 | H4: 45 | I4: 22 | J4: 2340 | K4: 88 | L4: 55 | M4: 21 | N4: 6 | O4: 0 | P4: 3060 | Q4: 8 | R4: =IF(H4=0,0, ROUND(F4/H4*100,1)) -> 24.4 | S4: =F4+G4 -> 25 | T4: =IF(F4=0, "N/A", ROUND(P4/F4, 0)) -> 278
A5: Tomás Reyes | B5: Valley United | C5: MF | D5: 29 | E5: 31 | F5: 8 | G5: 10 | H5: 38 | I5: 19 | J5: 2110 | K5: 85 | L5: 60 | M5: 18 | N5: 3 | O5: 0 | P5: 2790 | Q5: 7.6 | R5: =IF(H5=0,0, ROUND(F5/H5*100,1)) -> 21.1 | S5: =F5+G5 -> 18 | T5: =IF(F5=0, "N/A", ROUND(P5/F5, 0)) -> 349
A6: Noah Fischer | B6: Eastside FC | C6: DF | D6: 28 | E6: 35 | F6: 3 | G6: 5 | H6: 14 | I6: 7 | J6: 1890 | K6: 87 | L6: 78 | M6: 35 | N6: 7 | O6: 1 | P6: 3150 | Q6: 7.4 | R6: =IF(H6=0,0, ROUND(F6/H6*100,1)) -> 21.4 | S6: =F6+G6 -> 8 | T6: =IF(F6=0, "N/A", ROUND(P6/F6, 0)) -> 1050
A7: Kai Yamamoto | B7: Riverside City | C7: MF | D7: 23 | E7: 29 | F7: 13 | G7: 8 | H7: 52 | I7: 28 | J7: 2050 | K7: 83 | L7: 48 | M7: 16 | N7: 5 | O7: 0 | P7: 2570 | Q7: 7.8 | R7: =IF(H7=0,0, ROUND(F7/H7*100,1)) -> 25 | S7: =F7+G7 -> 21 | T7: =IF(F7=0, "N/A", ROUND(P7/F7, 0)) -> 198
A8: Diego Fontana | B8: Valley United | C8: FW | D8: 25 | E8: 33 | F8: 17 | G8: 6 | H8: 69 | I8: 38 | J8: 890 | K8: 75 | L8: 15 | M8: 5 | N8: 8 | O8: 0 | P8: 2880 | Q8: 7.7 | R8: =IF(H8=0,0, ROUND(F8/H8*100,1)) -> 24.6 | S8: =F8+G8 -> 23 | T8: =IF(F8=0, "N/A", ROUND(P8/F8, 0)) -> 169
A9: Alex Prentice | B9: Eastside FC | C9: DF | D9: 31 | E9: 36 | F9: 1 | G9: 3 | H9: 9 | I9: 4 | J9: 1740 | K9: 84 | L9: 85 | M9: 40 | N9: 4 | O9: 0 | P9: 3240 | Q9: 7.5 | R9: =IF(H9=0,0, ROUND(F9/H9*100,1)) -> 11.1 | S9: =F9+G9 -> 4 | T9: =IF(F9=0, "N/A", ROUND(P9/F9, 0)) -> 3240
A10: Mateus Oliveira | B10: FC Northgate | C10: FW | D10: 22 | E10: 28 | F10: 15 | G10: 11 | H10: 63 | I10: 34 | J10: 970 | K10: 78 | L10: 20 | M10: 8 | N10: 3 | O10: 0 | P10: 2460 | Q10: 7.9 | R10: =IF(H10=0,0, ROUND(F10/H10*100,1)) -> 23.8 | S10: =F10+G10 -> 26 | T10: =IF(F10=0, "N/A", ROUND(P10/F10, 0)) -> 164
A11: Sam Colton | B11: Eastside FC | C11: MF | D11: 27 | E11: 32 | F11: 9 | G11: 13 | H11: 41 | I11: 20 | J11: 2200 | K11: 86 | L11: 52 | M11: 19 | N11: 6 | O11: 0 | P11: 2880 | Q11: 7.7 | R11: =IF(H11=0,0, ROUND(F11/H11*100,1)) -> 22 | S11: =F11+G11 -> 22 | T11: =IF(F11=0, "N/A", ROUND(P11/F11, 0)) -> 320
A12: Ivan Petrov | B12: Valley United | C12: DF | D12: 30 | E12: 34 | F12: 2 | G12: 4 | H12: 11 | I12: 5 | J12: 1650 | K12: 82 | L12: 82 | M12: 38 | N12: 5 | O12: 1 | P12: 3060 | Q12: 7.3 | R12: =IF(H12=0,0, ROUND(F12/H12*100,1)) -> 18.2 | S12: =F12+G12 -> 6 | T12: =IF(F12=0, "N/A", ROUND(P12/F12, 0)) -> 1530
A13: Henri Leclair | B13: Riverside City | C13: MF | D13: 26 | E13: 30 | F13: 10 | G13: 15 | H13: 47 | I13: 24 | J13: 2180 | K13: 87 | L13: 50 | M13: 17 | N13: 4 | O13: 0 | P13: 2670 | Q13: 7.8 | R13: =IF(H13=0,0, ROUND(F13/H13*100,1)) -> 21.3 | S13: =F13+G13 -> 25 | T13: =IF(F13=0, "N/A", ROUND(P13/F13, 0)) -> 267
... A21: Arjun Sharma | B21: Valley United | C21: FW | D21: 21 | E21: 25 | F21: 12 | G21: 7 | H21: 55 | I21: 30 | J21: 780 | K21: 74 | L21: 14 | M21: 5 | N21: 6 | O21: 0 | P21: 2100 | Q21: 7.6 | R21: =IF(H21=0,0, ROUND(F21/H21*100,1)) -> 21.8 | S21: =F21+G21 -> 19 | T21: =IF(F21=0, "N/A", ROUND(P21/F21, 0)) -> 175

Sheet Team Summary
B4: TEAM SUMMARY
B7: Team | C7: Total Goals | D7: Total Assists | E7: Avg Rating | F7: Avg Pass Accuracy (%) | G7: Total Tackles
B8: Eastside FC | C8: =SUMIF(Table1[Team],B8, Table1[Goals]) -> 33 | D8: =SUMIF(Table1[Team],B8, Table1[Assists]) -> 34 | E8: =ROUND(AVERAGEIF(Table1[Team],B8, Table1[Avg Match Rating]), 2) -> 7.62 | F8: =ROUND(AVERAGEIF(Table1[Team],B8, Table1[Pass Accuracy (%)]), 2) -> 83.8 | G8: =SUMIF(Table1[Team],B8,Table1[Tackles]) -> 315
B9: FC Northgate | C9: =SUMIF(Table1[Team],B9, Table1[Goals]) -> 54 | D9: =SUMIF(Table1[Team],B9, Table1[Assists]) -> 45 | E9: =ROUND(AVERAGEIF(Table1[Team],B9, Table1[Avg Match Rating]), 2) -> 7.7 | F9: =ROUND(AVERAGEIF(Table1[Team],B9, Table1[Pass Accuracy (%)]), 2) -> 82.4 | G9: =SUMIF(Table1[Team],B9,Table1[Tackles]) -> 218
B10: Riverside City | C10: =SUMIF(Table1[Team],B10, Table1[Goals]) -> 63 | D10: =SUMIF(Table1[Team],B10, Table1[Assists]) -> 46 | E10: =ROUND(AVERAGEIF(Table1[Team],B10, Table1[Avg Match Rating]), 2) -> 7.82 | F10: =ROUND(AVERAGEIF(Table1[Team],B10, Table1[Pass Accuracy (%)]), 2) -> 82.2 | G10: =SUMIF(Table1[Team],B10,Table1[Tackles]) -> 227
B11: Valley United | C11: =SUMIF(Table1[Team],B11, Table1[Goals]) -> 46 | D11: =SUMIF(Table1[Team],B11, Table1[Assists]) -> 38 | E11: =ROUND(AVERAGEIF(Table1[Team],B11, Table1[Avg Match Rating]), 2) -> 7.54 | F11: =ROUND(AVERAGEIF(Table1[Team],B11, Table1[Pass Accuracy (%)]), 2) -> 80 | G11: =SUMIF(Table1[Team],B11,Table1[Tackles]) -> 224
B13: POSITION BREAKDOWN
B16: Position | C16: Player Count | D16: Avg Goal | E16: Avg Assist | F16: Avg Rating
B17: Forward | C17: =COUNTIF(Table1[Position],"FW") -> 7 | D17: =ROUND(AVERAGEIF(Table1[Position], "FW", Table1[Goals]),1) -> 17.6 | E17: =ROUND(AVERAGEIF(Table1[Position], "FW", Table1[Assists]),1) -> 8.6 | F17: =ROUND(AVERAGEIF(Table1[Position],"FW", Table1[Avg Match Rating]), 2) -> 7.91
B18: Midfield | C18: =COUNTIF(Table1[Position],"MF") -> 7 | D18: =ROUND(AVERAGEIF(Table1[Position], "MF", Table1[Goals]),1) -> 9.1 | E18: =ROUND(AVERAGEIF(Table1[Position], "MF", Table1[Assists]),1) -> 11.4 | F18: =ROUND(AVERAGEIF(Table1[Position],"MF", Table1[Avg Match Rating]), 2) -> 7.67
B19: Defender | C19: =COUNTIF(Table1[Position],"DF") -> 6 | D19: =ROUND(AVERAGEIF(Table1[Position], "DF", Table1[Goals]),1) -> 1.5 | E19: =ROUND(AVERAGEIF(Table1[Position], "DF", Table1[Assists]),1) -> 3.8 | F19: =ROUND(AVERAGEIF(Table1[Position],"DF", Table1[Avg Match Rating]), 2) -> 7.38
B21: TOP SCORER
B24: Player | C24: Team | D24: Goal | E24: Avg Rating
B25: Liam Walker | C25: =VLOOKUP(B25,Table1[[#All],[Player Name]:[Team]],2,FALSE) -> FC Northgate | D25: =VLOOKUP(B25,Table1[[#All],[Player Name]:[Goals]],6,FALSE) -> 22 | E25: =VLOOKUP(B25,Table1[[#All],[Player Name]:[Avg Match Rating]],17,FALSE) -> 8.1
B26: Rafael Torres | C26: =VLOOKUP(B26,Table1[[#All],[Player Name]:[Team]],2,FALSE) -> Riverside City | D26: =VLOOKUP(B26,Table1[[#All],[Player Name]:[Goals]],6,FALSE) -> 20 | E26: =VLOOKUP(B26,Table1[[#All],[Player Name]:[Avg Match Rating]],17,FALSE) -> 8.2
B27: Carlos Mendez | C27: =VLOOKUP(B27,Table1[[#All],[Player Name]:[Team]],2,FALSE) -> Riverside City | D27: =VLOOKUP(B27,Table1[[#All],[Player Name]:[Goals]],6,FALSE) -> 19 | E27: =VLOOKUP(B27,Table1[[#All],[Player Name]:[Avg Match Rating]],17,FALSE) -> 7.9
B28: Yusuf Abiodun | C28: =VLOOKUP(B28,Table1[[#All],[Player Name]:[Team]],2,FALSE) -> Eastside FC | D28: =VLOOKUP(B28,Table1[[#All],[Player Name]:[Goals]],6,FALSE) -> 18 | E28: =VLOOKUP(B28,Table1[[#All],[Player Name]:[Avg Match Rating]],17,FALSE) -> 8
B29: Diego Fontana | C29: =VLOOKUP(B29,Table1[[#All],[Player Name]:[Team]],2,FALSE) -> Valley United | D29: =VLOOKUP(B29,Table1[[#All],[Player Name]:[Goals]],6,FALSE) -> 17 | E29: =VLOOKUP(B29,Table1[[#All],[Player Name]:[Avg Match Rating]],17,FALSE) -> 7.7
B30: Mateus Oliveira | C30: =VLOOKUP(B30,Table1[[#All],[Player Name]:[Team]],2,FALSE) -> FC Northgate | D30: =VLOOKUP(B30,Table1[[#All],[Player Name]:[Goals]],6,FALSE) -> 15 | E30: =VLOOKUP(B30,Table1[[#All],[Player Name]:[Avg Match Rating]],17,FALSE) -> 7.9
B31: Kai Yamamoto | C31: =VLOOKUP(B31,Table1[[#All],[Player Name]:[Team]],2,FALSE) -> Riverside City | D31: =VLOOKUP(B31,Table1[[#All],[Player Name]:[Goals]],6,FALSE) -> 13 | E31: =VLOOKUP(B31,Table1[[#All],[Player Name]:[Avg Match Rating]],17,FALSE) -> 7.8
B32: Arjun Sharma | C32: =VLOOKUP(B32,Table1[[#All],[Player Name]:[Team]],2,FALSE) -> Valley United | D32: =VLOOKUP(B32,Table1[[#All],[Player Name]:[Goals]],6,FALSE) -> 12 | E32: =VLOOKUP(B32,Table1[[#All],[Player Name]:[Avg Match Rating]],17,FALSE) -> 7.6
B33: James Harlow | C33: =VLOOKUP(B33,Table1[[#All],[Player Name]:[Team]],2,FALSE) -> FC Northgate | D33: =VLOOKUP(B33,Table1[[#All],[Player Name]:[Goals]],6,FALSE) -> 11 | E33: =VLOOKUP(B33,Table1[[#All],[Player Name]:[Avg Match Rating]],17,FALSE) -> 8
B34: Henri Leclair | C34: =VLOOKUP(B34,Table1[[#All],[Player Name]:[Team]],2,FALSE) -> Riverside City | D34: =VLOOKUP(B34,Table1[[#All],[Player Name]:[Goals]],6,FALSE) -> 10 | E34: =VLOOKUP(B34,Table1[[#All],[Player Name]:[Avg Match Rating]],17,FALSE) -> 7.8
B35: Sam Colton | C35: =VLOOKUP(B35,Table1[[#All],[Player Name]:[Team]],2,FALSE) -> Eastside FC | D35: =VLOOKUP(B35,Table1[[#All],[Player Name]:[Goals]],6,FALSE) -> 9 | E35: =VLOOKUP(B35,Table1[[#All],[Player Name]:[Avg Match Rating]],17,FALSE) -> 7.7
B36: Tomás Reyes | C36: =VLOOKUP(B36,Table1[[#All],[Player Name]:[Team]],2,FALSE) -> Valley United | D36: =VLOOKUP(B36,Table1[[#All],[Player Name]:[Goals]],6,FALSE) -> 8 | E36: =VLOOKUP(B36,Table1[[#All],[Player Name]:[Avg Match Rating]],17,FALSE) -> 7.6
... B44: Owen Brady | C44: =VLOOKUP(B44,Table1[[#All],[Player Name]:[Team]],2,FALSE) -> FC Northgate | D44: =VLOOKUP(B44,Table1[[#All],[Player Name]:[Goals]],6,FALSE) -> 0 | E44: =VLOOKUP(B44,Table1[[#All],[Player Name]:[Avg Match Rating]],17,FALSE) -> 7.2

Sheet Chart & Visual
A3: Row Labels | B3: Sum of Goals | C3: Sum of Assists
A4: Eastside FC | B4: 33 | C4: 34
A5: FC Northgate | B5: 54 | C5: 45
A6: Riverside City | B6: 63 | C6: 46
A7: Valley United | B7: 46 | C7: 38
A8: Grand Total | B8: 196 | C8: 163
A11: Row Labels | B11: Sum of Goals | C11: Sum of Assists
A12: DF | B12: 9 | C12: 23
A13: FW | B13: 123 | C13: 60
A14: MF | B14: 64 | C14: 80
A15: Grand Total | B15: 196 | C15: 163
A24: Row Labels | B24: Average of Avg Match Rating
A25: Eastside FC | B25: 7.62
A26: FC Northgate | B26: 7.7
A27: Riverside City | B27: 7.82
A28: Valley United | B28: 7.54
A29: Grand Total | B29: 7.67

Sheet Dashboard
A1: FOOTBALL LEAGUE - KPI DASHBOARD
B4: TOTAL GOALS | F4: TOTAL ASSISTS | J4: AVG RATING
B5: =SUM('Raw Player Data'!F2:F21) -> 196 | F5: =SUM('Raw Player Data'!G2:G21) -> 163 | J5: =ROUND(AVERAGE('Raw Player Data'!Q2:Q21),2) -> 7.67
B11: TOP SCORE | F11: TOP ASSIST | J11: BEST PASS ACC %
B12: =INDEX('Raw Player Data'!A:A, MATCH(MAX('Raw Player Data'!F:F), 'Raw Player Data'!F:F, 0)) -> Liam Walker | F12: =INDEX('Raw Player Data'!A2:A21, MATCH(MAX('Raw Player Data'!G2:G21), 'Raw Player Data'!G2:G21, 0)) -> Henri Leclair | J12: =MAX('Raw Player Data'!K2:K21) -> 88
B13: =MAX('Raw Player Data'!F2:F21) -> 22 | F13: =MAX('Raw Player Data'!G2:G21) -> 15
B18: TOTAL YELLOW CARDS | F18: TOTAL RED CARDS | J18: MOST APPEARANCES PLAYER
B19: =SUM('Raw Player Data'!N2:N21) -> 102 | F19: =SUM('Raw Player Data'!O2:O21) -> 4 | J19: =INDEX('Raw Player Data'!A:A, MATCH(MAX('Raw Player Data'!E:E), 'Raw Player Data'!E:E, 0)) -> Alex Prentice
J20: =MAX('Raw Player Data'!E2:E21) -> 36
A25: TOP PERFORMER
B28: TOP GOAL | F28: TOP ASSIST | J28: HIGHEST RATED
B29: =INDEX('Raw Player Data'!A:A, MATCH(MAX('Raw Player Data'!F:F), 'Raw Player Data'!F:F, 0)) -> Liam Walker | F29: =INDEX('Raw Player Data'!A2:A21, MATCH(MAX('Raw Player Data'!G2:G21), 'Raw Player Data'!G2:G21, 0)) -> Henri Leclair | J29: =INDEX('Raw Player Data'!A2:A21, MATCH(MAX('Raw Player Data'!Q2:Q21), 'Raw Player Data'!Q2:Q21, 0)) -> Rafael Torres
A35: TABLE
E38: Team | F38: Total Goals | G38: Total Assists | H38: Avg Rating | I38: Avg Pass Accuracy (%) | J38: Total Tackles
E39: Eastside FC | F39: =SUMIF(Table1[Team],E39, Table1[Goals]) -> 33 | G39: =SUMIF(Table1[Team],E39, Table1[Assists]) -> 34 | H39: =ROUND(AVERAGEIF(Table1[Team],E39, Table1[Avg Match Rating]), 2) -> 7.62 | I39: =ROUND(AVERAGEIF(Table1[Team],E39, Table1[Pass Accuracy (%)]), 2) -> 83.8 | J39: =SUMIF(Table1[Team],E39,Table1[Tackles]) -> 315
E40: FC Northgate | F40: =SUMIF(Table1[Team],E40, Table1[Goals]) -> 54 | G40: =SUMIF(Table1[Team],E40, Table1[Assists]) -> 45 | H40: =ROUND(AVERAGEIF(Table1[Team],E40, Table1[Avg Match Rating]), 2) -> 7.7 | I40: =ROUND(AVERAGEIF(Table1[Team],E40, Table1[Pass Accuracy (%)]), 2) -> 82.4 | J40: =SUMIF(Table1[Team],E40,Table1[Tackles]) -> 218
E41: Riverside City | F41: =SUMIF(Table1[Team],E41, Table1[Goals]) -> 63 | G41: =SUMIF(Table1[Team],E41, Table1[Assists]) -> 46 | H41: =ROUND(AVERAGEIF(Table1[Team],E41, Table1[Avg Match Rating]), 2) -> 7.82 | I41: =ROUND(AVERAGEIF(Table1[Team],E41, Table1[Pass Accuracy (%)]), 2) -> 82.2 | J41: =SUMIF(Table1[Team],E41,Table1[Tackles]) -> 227
E42: Valley United | F42: =SUMIF(Table1[Team],E42, Table1[Goals]) -> 46 | G42: =SUMIF(Table1[Team],E42, Table1[Assists]) -> 38 | H42: =ROUND(AVERAGEIF(Table1[Team],E42, Table1[Avg Match Rating]), 2) -> 7.54 | I42: =ROUND(AVERAGEIF(Table1[Team],E42, Table1[Pass Accuracy (%)]), 2) -> 80 | J42: =SUMIF(Table1[Team],E42,Table1[Tackles]) -> 224
